customer_id,age,gender,location,signup_date
1,39.0,M,Moscow,2023-10-17
2,33.0,M,Moscow,2022-04-25
3,41.0,F,Moscow,2022-01-26
4,50.0,F,St. Petersburg,2022-10-09
5,32.0,M,Other,2022-09-08
6,32.0,F,Novosibirsk,2022-08-17
7,50.0,M,Novosibirsk,2022-05-23
8,42.0,F,Moscow,2022-04-15
9,30.0,F,Other,2023-11-24
10,40.0,F,St. Petersburg,2023-07-13
11,30.0,F,Moscow,2022-03-31
12,30.0,F,Yekaterinburg,2023-08-28
13,37.0,M,Moscow,2023-03-09
14,18.0,F,St. Petersburg,2022-02-02
15,18.0,M,Novosibirsk,2022-01-31
16,29.0,F,Other,2022-04-06
17,24.0,F,St. Petersburg,2022-08-12
18,38.0,F,Kazan,2022-08-27
19,25.0,M,Other,2023-06-02
20,20.0,F,Moscow,2023-09-09
21,49.0,F,Moscow,2022-01-28
22,32.0,F,St. Petersburg,2023-07-29
23,35.0,M,St. Petersburg,2022-07-23
24,20.0,M,St. Petersburg,2023-10-28
25,29.0,M,Other,2023-12-20
26,36.0,M,Kazan,2023-07-13
27,23.0,F,Yekaterinburg,2023-03-06
28,38.0,M,St. Petersburg,2022-08-14
29,28.0,F,Other,2023-04-05
30,32.0,M,Other,2023-08-27
31,28.0,M,Other,2022-10-12
32,53.0,F,Moscow,2022-01-07
33,,F,Yekaterinburg,2022-06-13
34,,F,Moscow,2023-12-16
35,43.0,F,Moscow,2023-03-09
36,22.0,F,Moscow,2022-12-15
37,37.0,M,Yekaterinburg,2022-10-12
38,18.0,F,Yekaterinburg,2022-06-09
39,21.0,F,Moscow,2022-08-09
40,36.0,F,St. Petersburg,2022-12-11
41,42.0,M,St. Petersburg,2022-04-15
42,36.0,F,St. Petersburg,2022-04-05
43,33.0,M,Moscow,2023-01-25
44,31.0,M,St. Petersburg,2022-04-10
45,20.0,M,Kazan,2023-01-03
46,,M,Moscow,2022-12-19
47,30.0,F,Moscow,2023-09-11
48,45.0,F,St. Petersburg,2022-09-28
49,38.0,F,Other,2022-02-14
50,18.0,M,Yekaterinburg,2023-04-16
51,,M,Yekaterinburg,2023-07-04
52,31.0,M,St. Petersburg,2022-05-08
53,28.0,F,Novosibirsk,2023-01-23
54,41.0,M,Moscow,2022-03-22
55,45.0,F,Yekaterinburg,2023-07-20
56,44.0,F,Other,2022-10-28
57,26.0,M,Yekaterinburg,2023-10-06
58,31.0,F,Other,2023-09-26
59,38.0,F,Kazan,2023-01-06
60,44.0,F,Moscow,2023-08-15
61,30.0,F,Other,2022-07-16
62,33.0,M,Moscow,2023-12-23
63,23.0,M,Novosibirsk,2022-03-13
64,23.0,F,Moscow,2022-02-16
65,43.0,F,Moscow,2023-11-09
66,48.0,M,St. Petersburg,2022-08-22
67,34.0,F,Moscow,2022-10-24
68,45.0,F,St. Petersburg,2022-03-23
69,38.0,F,Novosibirsk,2022-08-27
70,28.0,M,Moscow,2022-04-14
71,38.0,F,Moscow,2023-01-25
72,50.0,F,Novosibirsk,2022-10-12
73,34.0,M,St. Petersburg,2023-04-10
74,50.0,M,Kazan,2023-10-13
75,18.0,F,Yekaterinburg,2023-01-09
76,43.0,M,Other,2022-06-16
77,35.0,F,Yekaterinburg,2023-01-15
78,32.0,F,St. Petersburg,2022-12-30
79,35.0,M,Yekaterinburg,2022-08-03
80,18.0,F,Moscow,2023-11-18
81,32.0,M,St. Petersburg,2022-10-01
82,38.0,F,Kazan,2023-12-20
83,49.0,M,St. Petersburg,2023-12-01
84,29.0,F,Kazan,2023-10-26
85,,M,Other,2022-03-15
86,29.0,M,Other,2023-09-16
87,44.0,F,Other,2023-10-13
88,38.0,M,St. Petersburg,2022-06-25
89,29.0,F,St. Petersburg,2023-07-01
90,40.0,M,Novosibirsk,2022-09-08
91,35.0,F,St. Petersburg,2022-06-17
92,44.0,M,Yekaterinburg,2023-04-19
93,27.0,F,Kazan,2023-01-24
94,31.0,M,Yekaterinburg,2022-10-04
95,31.0,M,St. Petersburg,2023-10-18
96,20.0,M,Moscow,2023-12-06
97,37.0,M,St. Petersburg,2023-07-25
98,37.0,F,Moscow,2022-08-13
99,35.0,M,Other,2023-12-03
100,32.0,F,St. Petersburg,2022-11-29
101,20.0,M,Moscow,2022-02-27
102,30.0,M,Moscow,2022-08-23
103,31.0,F,Yekaterinburg,2022-02-02
104,26.0,F,Yekaterinburg,2022-11-20
105,33.0,M,St. Petersburg,2023-02-15
106,39.0,M,Moscow,2022-10-02
107,53.0,M,St. Petersburg,2022-03-09
108,36.0,F,St. Petersburg,2022-08-05
109,37.0,F,Yekaterinburg,2023-08-04
110,34.0,M,Yekaterinburg,2022-11-19
111,18.0,F,St. Petersburg,2022-08-06
112,34.0,F,Moscow,2023-11-03
113,35.0,F,Other,2023-05-27
114,59.0,F,St. Petersburg,2023-02-10
115,33.0,M,Yekaterinburg,2023-10-21
116,38.0,M,Moscow,2023-04-15
117,34.0,M,St. Petersburg,2022-05-27
118,23.0,M,Moscow,2022-09-29
119,46.0,F,Novosibirsk,2022-05-23
120,42.0,F,Other,2022-09-10
121,,M,St. Petersburg,2023-07-29
122,25.0,M,Moscow,2023-07-06
123,49.0,M,Moscow,2022-09-27
124,20.0,F,St. Petersburg,2023-08-22
125,40.0,M,Moscow,2023-03-15
126,56.0,F,Moscow,2023-08-21
127,25.0,M,Kazan,2023-02-13
128,29.0,M,St. Petersburg,2023-01-06
129,35.0,F,Moscow,2022-08-13
130,,F,Other,2022-05-22
131,,M,Moscow,2023-06-06
132,35.0,F,Other,2023-05-21
133,24.0,F,St. Petersburg,2022-04-04
134,39.0,F,Other,2022-02-18
135,25.0,M,Yekaterinburg,2022-04-23
136,50.0,F,Other,2022-06-06
137,27.0,F,Other,2023-10-05
138,31.0,F,Moscow,2022-06-13
139,43.0,M,Other,2023-11-28
140,22.0,M,St. Petersburg,2023-03-09
141,37.0,M,St. Petersburg,2023-09-03
142,48.0,F,St. Petersburg,2022-03-07
143,18.0,M,Novosibirsk,2023-01-30
144,36.0,F,Moscow,2023-01-26
145,37.0,F,Novosibirsk,2023-09-03
146,42.0,M,Novosibirsk,2023-04-25
147,22.0,F,Kazan,2023-06-26
148,21.0,M,Other,2022-09-15
149,40.0,F,St. Petersburg,2023-07-21
150,37.0,M,St. Petersburg,2022-01-12
151,37.0,F,Moscow,2023-11-28
152,38.0,F,Moscow,2022-04-28
153,,F,Moscow,2023-11-30
154,37.0,F,St. Petersburg,2023-07-04
155,37.0,F,Moscow,2022-10-01
156,27.0,F,Other,2023-10-19
157,53.0,F,Novosibirsk,2022-12-15
158,39.0,F,St. Petersburg,2022-04-25
159,23.0,M,Novosibirsk,2022-10-28
160,41.0,F,Moscow,2023-03-22
161,25.0,F,St. Petersburg,2022-06-11
162,42.0,F,Yekaterinburg,2023-04-10
163,46.0,M,St. Petersburg,2022-01-04
164,26.0,F,St. Petersburg,2022-09-27
165,44.0,M,Other,2023-05-28
166,39.0,F,Other,2022-07-02
167,,M,Yekaterinburg,2023-06-04
168,53.0,F,Novosibirsk,2022-04-19
169,32.0,F,Yekaterinburg,2023-10-03
170,27.0,M,Moscow,2022-11-02
171,26.0,F,St. Petersburg,2023-10-17
172,26.0,M,Moscow,2023-06-04
173,34.0,F,St. Petersburg,2023-09-16
174,,F,Novosibirsk,2022-07-23
175,37.0,F,Moscow,2022-06-06
176,43.0,F,Other,2023-01-18
177,35.0,F,Other,2022-06-15
178,49.0,M,Kazan,2023-07-07
179,32.0,M,Novosibirsk,2023-06-28
180,62.0,F,Other,2022-01-01
181,41.0,F,Moscow,2023-09-06
182,26.0,F,Kazan,2022-11-28
183,24.0,F,Moscow,2023-05-16
184,39.0,M,Kazan,2022-01-20
185,32.0,F,Moscow,2022-04-25
186,42.0,M,Other,2023-01-07
187,39.0,F,Other,2022-11-11
188,34.0,M,Moscow,2022-09-03
189,26.0,M,St. Petersburg,2022-03-01
190,19.0,M,Other,2022-09-04
191,30.0,M,St. Petersburg,2023-08-04
192,43.0,F,Other,2022-03-22
193,37.0,M,Novosibirsk,2022-03-29
194,,M,St. Petersburg,2023-05-13
195,36.0,M,Moscow,2022-03-12
196,38.0,M,Moscow,2023-06-30
197,26.0,M,Kazan,2022-05-09
198,36.0,M,St. Petersburg,2022-05-12
199,35.0,F,Novosibirsk,2023-11-07
200,23.0,F,St. Petersburg,2023-05-02
201,38.0,F,Novosibirsk,2023-07-17
202,40.0,M,Other,2022-06-19
203,45.0,M,Other,2022-09-29
204,45.0,F,St. Petersburg,2023-06-25
205,21.0,F,Other,2023-09-14
206,25.0,M,Kazan,2023-03-10
207,40.0,M,Novosibirsk,2022-08-05
208,40.0,M,Other,2023-07-07
209,40.0,M,Moscow,2023-12-08
210,73.0,M,Moscow,2022-07-25
211,40.0,F,Other,2022-11-16
212,46.0,F,St. Petersburg,2023-02-13
213,44.0,F,Other,2023-11-19
214,41.0,F,Other,2023-10-28
215,31.0,F,Moscow,2023-01-18
216,42.0,F,Other,2023-03-25
217,27.0,F,St. Petersburg,2023-06-14
218,32.0,M,Novosibirsk,2023-04-08
219,30.0,M,Yekaterinburg,2022-05-04
220,35.0,M,Other,2022-09-11
221,58.0,F,Moscow,2022-08-19
222,18.0,F,St. Petersburg,2022-03-07
223,41.0,M,Yekaterinburg,2022-12-13
224,18.0,F,Kazan,2022-01-22
225,,M,Yekaterinburg,2023-08-26
226,45.0,F,Moscow,2023-07-22
227,35.0,M,Moscow,2022-08-24
228,24.0,M,St. Petersburg,2023-08-26
229,27.0,F,Other,2022-08-14
230,41.0,M,Moscow,2022-01-08
231,27.0,M,Moscow,2022-03-14
232,37.0,M,Other,2023-12-26
233,35.0,F,Moscow,2023-10-09
234,28.0,F,Other,2022-03-02
235,56.0,M,Yekaterinburg,2022-08-23
236,41.0,F,Other,2022-03-11
237,18.0,F,Moscow,2022-02-02
238,36.0,M,Moscow,2022-12-05
239,28.0,M,Kazan,2022-03-14
240,43.0,M,Other,2023-06-11
241,27.0,M,Kazan,2022-09-01
242,33.0,F,Moscow,2022-10-13
243,40.0,M,Kazan,2023-11-17
244,43.0,F,Kazan,2023-05-13
245,,F,Yekaterinburg,2022-08-08
246,31.0,M,Kazan,2023-07-07
247,30.0,F,Other,2022-05-16
248,28.0,M,Yekaterinburg,2023-08-08
249,52.0,F,Moscow,2023-08-14
250,39.0,F,St. Petersburg,2023-04-30
251,22.0,F,Moscow,2022-09-06
252,44.0,F,St. Petersburg,2023-04-30
253,56.0,M,St. Petersburg,2023-02-21
254,45.0,F,Moscow,2022-07-14
255,19.0,F,St. Petersburg,2022-04-07
256,30.0,F,Moscow,2022-04-10
257,47.0,F,Other,2023-11-06
258,27.0,F,Other,2023-03-18
259,39.0,M,Moscow,2022-12-29
260,42.0,M,Other,2023-03-10
261,25.0,F,Novosibirsk,2023-02-25
262,,M,Moscow,2023-04-24
263,18.0,F,Moscow,2022-02-25
264,24.0,F,Novosibirsk,2023-11-21
265,32.0,M,Kazan,2023-11-01
266,22.0,M,Kazan,2023-10-24
267,51.0,F,Moscow,2022-04-11
268,20.0,M,Moscow,2022-03-04
269,30.0,F,St. Petersburg,2023-02-17
270,36.0,M,Moscow,2022-12-14
271,49.0,F,Moscow,2022-04-22
272,20.0,M,Moscow,2022-09-12
273,46.0,F,Other,2022-07-16
274,35.0,M,Other,2022-07-14
275,25.0,F,St. Petersburg,2023-07-04
276,39.0,M,Other,2023-04-05
277,36.0,F,St. Petersburg,2022-05-24
278,28.0,F,St. Petersburg,2023-03-09
279,35.0,M,Moscow,2022-07-07
280,31.0,M,Yekaterinburg,2022-10-13
281,36.0,M,Other,2023-04-19
282,41.0,F,Yekaterinburg,2022-09-13
283,50.0,F,St. Petersburg,2022-03-19
284,22.0,F,Yekaterinburg,2023-03-30
285,56.0,M,Moscow,2023-07-18
286,18.0,M,Other,2022-04-11
287,33.0,F,Novosibirsk,2022-02-21
288,40.0,F,St. Petersburg,2023-10-30
289,37.0,F,Novosibirsk,2023-07-08
290,28.0,M,Yekaterinburg,2022-01-16
291,32.0,F,Moscow,2022-04-06
292,30.0,M,Yekaterinburg,2022-08-31
293,29.0,M,Moscow,2022-06-20
294,43.0,F,Kazan,2023-02-21
295,38.0,F,Other,2023-05-13
296,28.0,F,Other,2023-05-08
297,43.0,M,Novosibirsk,2022-08-07
298,38.0,M,Novosibirsk,2023-02-15
299,43.0,F,Moscow,2022-03-02
300,41.0,F,Kazan,2022-06-18
301,26.0,M,Moscow,2023-01-24
302,29.0,M,St. Petersburg,2022-01-03
303,42.0,M,Moscow,2023-02-04
304,41.0,F,Moscow,2022-09-29
305,34.0,M,Yekaterinburg,2023-04-11
306,36.0,M,Moscow,2022-10-20
307,,M,Kazan,2023-03-10
308,29.0,M,St. Petersburg,2023-12-15
309,40.0,M,Moscow,2023-07-24
310,32.0,F,Novosibirsk,2023-11-09
311,32.0,M,Moscow,2023-05-14
312,45.0,F,Moscow,2022-06-08
313,43.0,M,Kazan,2022-07-14
314,43.0,F,Moscow,2022-10-31
315,48.0,F,Other,2022-08-11
316,35.0,F,Moscow,2022-03-01
317,41.0,F,Moscow,2023-08-17
318,31.0,M,Kazan,2023-07-10
319,38.0,M,St. Petersburg,2022-03-04
320,,F,Moscow,2022-11-18
321,35.0,F,St. Petersburg,2022-02-28
322,40.0,F,Moscow,2022-02-21
323,26.0,F,Other,2023-08-22
324,55.0,F,St. Petersburg,2023-05-04
325,24.0,M,Kazan,2023-05-30
326,22.0,M,Other,2023-06-28
327,46.0,F,St. Petersburg,2022-06-11
328,42.0,F,Other,2022-02-28
329,41.0,M,St. Petersburg,2023-06-05
330,,F,Other,2022-03-24
331,34.0,M,Moscow,2022-07-10
332,,F,Yekaterinburg,2022-03-12
333,35.0,M,St. Petersburg,2023-09-02
334,,M,St. Petersburg,2022-03-11
335,44.0,F,Yekaterinburg,2023-11-23
336,33.0,M,Kazan,2022-08-29
337,26.0,F,Moscow,2023-02-18
338,31.0,F,Moscow,2022-05-03
339,39.0,F,Kazan,2023-08-07
340,29.0,M,Yekaterinburg,2022-09-10
341,26.0,M,Other,2023-08-16
342,37.0,M,Kazan,2023-09-01
343,37.0,F,Other,2022-02-10
344,29.0,F,Kazan,2023-09-27
345,30.0,F,Moscow,2022-03-25
346,37.0,F,Moscow,2023-03-06
347,20.0,F,Kazan,2023-11-05
348,20.0,F,Yekaterinburg,2023-08-21
349,27.0,M,Moscow,2023-08-02
350,32.0,F,St. Petersburg,2023-06-20
351,38.0,M,Other,2022-11-20
352,49.0,F,Novosibirsk,2022-09-25
353,43.0,F,St. Petersburg,2022-07-29
354,33.0,F,St. Petersburg,2023-11-17
355,34.0,M,Moscow,2022-11-18
356,24.0,M,St. Petersburg,2022-09-02
357,,M,St. Petersburg,2022-09-29
358,32.0,M,Moscow,2023-02-10
359,38.0,M,Kazan,2022-05-15
360,26.0,F,St. Petersburg,2023-11-19
361,40.0,F,Other,2023-10-23
362,50.0,M,Other,2022-11-04
363,33.0,M,Moscow,2023-04-14
364,39.0,M,Yekaterinburg,2022-11-20
365,41.0,F,St. Petersburg,2022-03-16
366,30.0,F,Other,2022-01-10
367,37.0,F,Moscow,2023-04-15
368,35.0,F,Yekaterinburg,2023-09-29
369,35.0,F,Yekaterinburg,2023-07-31
370,27.0,F,Moscow,2022-04-13
371,35.0,M,Moscow,2022-03-17
372,39.0,F,Yekaterinburg,2023-07-05
373,49.0,M,Kazan,2022-08-07
374,44.0,F,St. Petersburg,2023-06-03
375,56.0,M,Yekaterinburg,2022-09-29
376,27.0,F,St. Petersburg,2022-05-16
377,43.0,F,Kazan,2022-12-24
378,36.0,F,Moscow,2022-03-12
379,56.0,F,Other,2022-09-08
380,26.0,M,Moscow,2023-01-14
381,26.0,M,St. Petersburg,2022-10-19
382,29.0,M,Moscow,2022-06-11
383,18.0,M,Moscow,2023-03-25
384,29.0,F,Novosibirsk,2023-07-11
385,27.0,M,Moscow,2023-12-22
386,36.0,F,Other,2022-11-06
387,38.0,F,Moscow,2023-09-19
388,53.0,F,St. Petersburg,2023-11-01
389,44.0,M,St. Petersburg,2023-06-26
390,29.0,F,Moscow,2022-01-09
391,26.0,F,Moscow,2023-11-15
392,39.0,F,St. Petersburg,2023-07-22
393,21.0,F,St. Petersburg,2022-11-03
394,53.0,F,St. Petersburg,2023-11-11
395,46.0,M,Novosibirsk,2022-04-17
396,30.0,F,Novosibirsk,2022-05-18
397,,M,Moscow,2022-09-28
398,,M,St. Petersburg,2022-04-29
399,33.0,M,Other,2022-04-20
400,47.0,M,Novosibirsk,2023-07-21
401,19.0,M,Yekaterinburg,2022-06-09
402,29.0,M,St. Petersburg,2022-10-06
403,35.0,F,Kazan,2022-10-16
404,35.0,F,Kazan,2023-09-12
405,30.0,F,Novosibirsk,2022-08-04
406,41.0,M,Other,2022-12-18
407,24.0,M,Moscow,2022-07-28
408,33.0,F,Moscow,2023-12-05
409,36.0,M,Kazan,2023-10-12
410,40.0,M,Other,2022-09-28
411,,F,Moscow,2023-06-02
412,23.0,M,Moscow,2023-05-16
413,19.0,F,Moscow,2022-09-15
414,47.0,F,Moscow,2022-02-22
415,38.0,M,Kazan,2022-04-05
416,27.0,M,Novosibirsk,2023-10-12
417,50.0,F,St. Petersburg,2023-03-10
418,36.0,M,St. Petersburg,2022-10-11
419,46.0,M,Moscow,2022-02-15
420,35.0,F,Moscow,2022-01-04
421,55.0,M,Yekaterinburg,2022-12-08
422,52.0,F,Other,2022-05-14
423,32.0,F,Other,2023-10-15
424,44.0,M,Moscow,2022-09-26
425,41.0,M,Other,2022-06-15
426,48.0,M,Kazan,2023-03-29
427,25.0,M,Kazan,2023-07-19
428,41.0,M,St. Petersburg,2023-12-24
429,45.0,F,St. Petersburg,2023-03-14
430,18.0,M,St. Petersburg,2023-07-29
431,23.0,F,Moscow,2022-01-10
432,18.0,F,Moscow,2022-04-25
433,32.0,F,Moscow,2022-03-19
434,42.0,F,St. Petersburg,2023-12-09
435,50.0,M,Kazan,2022-06-02
436,35.0,F,St. Petersburg,2023-07-13
437,51.0,F,Moscow,2022-02-06
438,21.0,M,Other,2023-01-14
439,18.0,M,Other,2023-08-20
440,34.0,F,Kazan,2023-07-20
441,38.0,M,Other,2022-06-01
442,34.0,M,Novosibirsk,2023-03-17
443,18.0,M,Other,2022-05-11
444,34.0,M,Moscow,2022-02-12
445,21.0,F,St. Petersburg,2022-11-12
446,41.0,F,Moscow,2023-01-09
447,38.0,F,Moscow,2022-02-10
448,25.0,M,Moscow,2023-01-02
449,29.0,M,Yekaterinburg,2022-08-04
450,24.0,F,Kazan,2023-11-30
451,34.0,M,Novosibirsk,2022-09-13
452,44.0,M,Moscow,2023-11-14
453,25.0,F,Other,2022-04-16
454,40.0,M,Yekaterinburg,2022-12-29
455,29.0,F,St. Petersburg,2023-07-28
456,27.0,M,Yekaterinburg,2023-02-21
457,33.0,M,Moscow,2023-09-28
458,24.0,M,St. Petersburg,2022-06-08
459,29.0,F,Other,2022-08-31
460,23.0,F,Moscow,2022-06-16
461,54.0,F,St. Petersburg,2022-07-01
462,35.0,F,Other,2023-02-27
463,28.0,M,Kazan,2022-01-26
464,37.0,F,Moscow,2022-07-03
465,33.0,M,Moscow,2022-12-07
466,,F,Moscow,2023-02-26
467,41.0,M,Yekaterinburg,2023-11-17
468,42.0,F,St. Petersburg,2022-09-12
469,29.0,M,Moscow,2022-10-01
470,29.0,M,Other,2022-06-13
471,32.0,F,Novosibirsk,2023-12-20
472,18.0,M,Moscow,2022-04-21
473,19.0,M,Novosibirsk,2023-01-27
474,48.0,M,Yekaterinburg,2022-02-09
475,51.0,M,Moscow,2023-04-27
476,32.0,F,Moscow,2022-08-16
477,,F,Other,2022-07-24
478,38.0,F,St. Petersburg,2023-04-17
479,65.0,F,Novosibirsk,2022-12-25
480,46.0,M,St. Petersburg,2022-11-09
481,33.0,F,Moscow,2022-08-22
482,25.0,M,Moscow,2022-08-17
483,18.0,M,St. Petersburg,2022-01-25
484,37.0,F,Moscow,2023-11-07
485,27.0,M,Moscow,2022-07-17
486,20.0,F,Other,2023-02-13
487,28.0,M,Other,2022-12-03
488,24.0,F,Kazan,2022-10-13
489,51.0,F,Other,2022-03-13
490,43.0,F,Moscow,2022-10-13
491,34.0,F,Other,2022-12-26
492,49.0,F,Moscow,2023-10-19
493,35.0,M,Other,2023-06-06
494,26.0,F,Other,2023-02-14
495,50.0,M,Kazan,2023-11-27
496,40.0,F,Other,2023-07-04
497,24.0,F,Novosibirsk,2022-12-06
498,33.0,F,Moscow,2022-01-29
499,26.0,M,St. Petersburg,2022-04-29
500,21.0,M,Novosibirsk,2022-09-25
501,44.0,F,Moscow,2022-07-02
502,54.0,M,Yekaterinburg,2023-08-18
503,21.0,M,Other,2022-09-29
504,40.0,M,Moscow,2022-02-09
505,28.0,F,Kazan,2022-04-22
506,30.0,F,Other,2023-09-03
507,29.0,M,Other,2023-03-21
508,26.0,M,Other,2022-12-20
509,35.0,M,Novosibirsk,2022-11-18
510,26.0,F,Other,2023-03-23
511,37.0,F,Kazan,2023-09-13
512,34.0,M,Moscow,2023-06-08
513,32.0,M,St. Petersburg,2022-04-29
514,25.0,M,Kazan,2023-01-30
515,29.0,F,Moscow,2023-08-14
516,42.0,F,Yekaterinburg,2022-07-14
517,40.0,M,Yekaterinburg,2022-09-18
518,25.0,M,Moscow,2022-02-15
519,35.0,M,Novosibirsk,2023-12-27
520,42.0,F,Kazan,2023-03-23
521,18.0,M,St. Petersburg,2022-01-02
522,40.0,F,Moscow,2023-06-17
523,28.0,F,Moscow,2023-07-06
524,40.0,M,St. Petersburg,2023-12-05
525,27.0,M,Other,2023-11-18
526,,M,Moscow,2022-07-21
527,18.0,F,Yekaterinburg,2023-01-08
528,35.0,F,Moscow,2023-03-18
529,,F,St. Petersburg,2022-03-13
530,25.0,F,Other,2023-11-12
531,,M,Kazan,2022-12-05
532,18.0,F,Moscow,2023-10-01
533,34.0,F,St. Petersburg,2022-11-18
534,22.0,M,Moscow,2023-11-11
535,28.0,F,St. Petersburg,2022-05-08
536,35.0,F,Yekaterinburg,2022-11-04
537,26.0,F,Moscow,2023-06-04
538,31.0,F,Moscow,2022-11-13
539,45.0,F,St. Petersburg,2023-11-14
540,29.0,F,Other,2023-02-23
541,43.0,M,Other,2022-12-01
542,23.0,M,Moscow,2023-02-17
543,40.0,F,Kazan,2023-12-15
544,49.0,M,St. Petersburg,2022-10-30
545,18.0,M,St. Petersburg,2023-07-22
546,27.0,M,Kazan,2022-05-11
547,40.0,M,Other,2022-07-16
548,32.0,F,Other,2023-03-07
549,38.0,F,Novosibirsk,2023-11-12
550,28.0,M,St. Petersburg,2023-01-24
551,35.0,M,Kazan,2023-11-25
552,33.0,M,Moscow,2022-06-28
553,46.0,F,Novosibirsk,2023-09-23
554,37.0,F,St. Petersburg,2023-08-06
555,38.0,M,Yekaterinburg,2022-11-05
556,30.0,F,Moscow,2023-02-20
557,30.0,F,Moscow,2023-07-16
558,30.0,F,Other,2022-01-01
559,38.0,F,Moscow,2022-11-08
560,30.0,M,Novosibirsk,2022-10-21
561,37.0,F,Moscow,2022-08-04
562,55.0,M,Moscow,2023-03-17
563,43.0,F,Moscow,2023-08-17
564,31.0,F,Moscow,2023-09-14
565,47.0,F,Other,2023-11-02
566,30.0,F,Moscow,2022-11-26
567,18.0,M,Other,2023-04-22
568,24.0,F,Novosibirsk,2023-03-29
569,18.0,F,St. Petersburg,2023-03-29
570,31.0,F,Novosibirsk,2023-11-23
571,35.0,M,Novosibirsk,2022-08-07
572,51.0,M,Kazan,2023-06-08
573,38.0,M,Moscow,2023-04-30
574,32.0,F,St. Petersburg,2022-06-23
575,43.0,F,Other,2023-11-06
576,18.0,M,Other,2022-03-28
577,37.0,F,Other,2022-10-18
578,,F,St. Petersburg,2023-06-12
579,20.0,F,Kazan,2023-11-11
580,46.0,F,St. Petersburg,2023-10-11
581,,F,St. Petersburg,2023-09-27
582,30.0,F,Moscow,2022-12-10
583,41.0,M,Novosibirsk,2022-04-06
584,57.0,F,Moscow,2022-08-29
585,36.0,F,St. Petersburg,2023-11-20
586,37.0,F,Other,2022-11-14
587,30.0,F,Moscow,2022-08-19
588,26.0,F,Moscow,2022-07-23
589,43.0,M,Moscow,2022-05-31
590,26.0,M,Other,2022-01-26
591,35.0,M,Novosibirsk,2022-02-17
592,30.0,M,St. Petersburg,2022-09-08
593,39.0,F,Other,2023-05-02
594,,F,Other,2023-09-18
595,45.0,M,St. Petersburg,2022-03-16
596,29.0,M,Yekaterinburg,2023-04-12
597,32.0,F,Kazan,2023-03-01
598,25.0,M,Yekaterinburg,2023-10-07
599,30.0,F,Moscow,2023-08-13
600,38.0,F,Other,2022-07-19
601,42.0,F,Novosibirsk,2023-12-15
602,25.0,M,Moscow,2023-01-29
603,43.0,M,St. Petersburg,2023-05-22
604,48.0,F,Moscow,2023-02-14
605,39.0,F,Moscow,2022-09-07
606,53.0,M,Kazan,2022-06-01
607,27.0,F,Moscow,2023-11-03
608,22.0,M,St. Petersburg,2023-12-06
609,18.0,F,Novosibirsk,2022-01-06
610,49.0,M,Moscow,2022-04-20
611,41.0,F,Other,2023-03-12
612,34.0,M,Moscow,2022-08-13
613,37.0,M,St. Petersburg,2022-06-30
614,23.0,M,St. Petersburg,2023-12-14
615,59.0,M,Moscow,2023-06-15
616,36.0,F,Moscow,2023-04-21
617,36.0,F,Kazan,2022-02-21
618,42.0,M,Other,2023-07-25
619,39.0,M,Moscow,2022-09-13
620,37.0,F,Yekaterinburg,2022-05-05
621,27.0,F,Kazan,2023-04-13
622,39.0,F,Other,2022-05-17
623,53.0,M,St. Petersburg,2023-04-21
624,48.0,M,St. Petersburg,2023-11-15
625,50.0,F,St. Petersburg,2023-06-28
626,,M,Kazan,2023-07-27
627,25.0,F,Other,2023-09-02
628,33.0,M,Moscow,2022-11-21
629,,F,St. Petersburg,2023-03-30
630,45.0,M,Other,2023-09-20
631,18.0,F,Other,2023-06-01
632,50.0,F,Other,2023-03-13
633,33.0,F,Kazan,2023-07-16
634,30.0,M,St. Petersburg,2023-04-02
635,24.0,F,Novosibirsk,2022-06-12
636,18.0,F,Yekaterinburg,2023-05-02
637,43.0,F,Moscow,2023-04-06
638,35.0,F,Novosibirsk,2022-09-23
639,22.0,F,Kazan,2022-09-11
640,22.0,F,Moscow,2023-10-15
641,31.0,M,Kazan,2022-10-11
642,,F,Novosibirsk,2023-06-18
643,32.0,F,Other,2023-05-12
644,19.0,M,Moscow,2023-10-04
645,32.0,M,Moscow,2022-09-02
646,32.0,M,Yekaterinburg,2022-10-09
647,18.0,F,Moscow,2023-03-27
648,34.0,F,Kazan,2022-03-21
649,32.0,F,Kazan,2022-10-20
650,41.0,F,Moscow,2022-08-29
651,53.0,M,Novosibirsk,2022-10-06
652,46.0,M,Novosibirsk,2022-12-10
653,32.0,M,St. Petersburg,2022-11-24
654,23.0,M,Other,2023-07-08
655,60.0,M,Other,2022-03-24
656,35.0,M,Yekaterinburg,2022-05-22
657,35.0,F,Kazan,2022-06-04
658,34.0,F,St. Petersburg,2022-08-25
659,36.0,F,Other,2023-01-28
660,33.0,F,Yekaterinburg,2023-12-12
661,29.0,F,Kazan,2022-06-06
662,29.0,M,Other,2023-12-25
663,34.0,F,Moscow,2022-08-08
664,29.0,F,Other,2022-03-07
665,27.0,M,Moscow,2023-03-01
666,36.0,M,St. Petersburg,2023-02-22
667,32.0,F,St. Petersburg,2022-12-05
668,,M,Other,2023-07-10
669,18.0,F,Other,2023-04-23
670,45.0,F,Kazan,2023-03-02
671,47.0,M,Kazan,2022-03-05
672,18.0,M,Novosibirsk,2022-07-31
673,31.0,M,Other,2023-03-07
674,31.0,M,St. Petersburg,2023-02-03
675,20.0,M,St. Petersburg,2023-08-22
676,27.0,F,Moscow,2023-12-14
677,23.0,M,Kazan,2022-01-21
678,52.0,F,Kazan,2023-08-13
679,44.0,M,St. Petersburg,2023-01-25
680,47.0,F,Moscow,2023-05-04
681,42.0,M,Other,2022-01-07
682,23.0,M,Moscow,2022-12-27
683,29.0,F,Kazan,2022-11-02
684,39.0,F,Other,2023-02-04
685,22.0,M,St. Petersburg,2023-03-06
686,42.0,F,Moscow,2023-07-06
687,32.0,M,Kazan,2023-07-14
688,31.0,F,Other,2023-09-10
689,42.0,M,Novosibirsk,2022-08-14
690,39.0,M,Other,2023-05-15
691,,F,Moscow,2022-08-13
692,46.0,F,Novosibirsk,2022-10-07
693,24.0,M,Kazan,2023-03-23
694,41.0,F,Other,2023-05-13
695,40.0,F,Moscow,2022-01-30
696,31.0,M,Other,2023-02-03
697,38.0,F,Novosibirsk,2022-12-11
698,22.0,M,St. Petersburg,2023-11-16
699,44.0,F,Moscow,2023-11-27
700,33.0,F,Other,2023-02-19
701,29.0,F,Moscow,2022-06-19
702,45.0,M,St. Petersburg,2023-04-24
703,27.0,M,Moscow,2022-05-11
704,20.0,M,Other,2023-09-30
705,19.0,M,Yekaterinburg,2023-07-01
706,41.0,M,Kazan,2022-01-28
707,22.0,F,Moscow,2023-02-08
708,52.0,M,Yekaterinburg,2023-08-30
709,18.0,M,Novosibirsk,2023-08-01
710,51.0,F,Other,2023-11-10
711,37.0,M,Other,2022-01-28
712,34.0,F,Moscow,2022-03-27
713,29.0,M,Yekaterinburg,2023-10-21
714,,F,Moscow,2023-03-15
715,34.0,M,Novosibirsk,2022-05-19
716,46.0,M,Moscow,2023-04-18
717,36.0,F,St. Petersburg,2022-07-06
718,36.0,M,St. Petersburg,2022-02-21
719,31.0,F,Yekaterinburg,2022-09-24
720,34.0,M,St. Petersburg,2023-01-24
721,38.0,M,Kazan,2022-12-02
722,18.0,F,St. Petersburg,2022-08-05
723,21.0,M,Moscow,2023-04-11
724,42.0,F,Kazan,2022-12-01
725,36.0,F,Moscow,2022-12-12
726,33.0,F,St. Petersburg,2023-01-24
727,35.0,F,Yekaterinburg,2022-10-12
728,38.0,M,St. Petersburg,2023-03-08
729,29.0,M,Moscow,2022-09-16
730,27.0,M,St. Petersburg,2022-03-25
731,36.0,F,Other,2023-04-27
732,25.0,F,Yekaterinburg,2022-01-20
733,39.0,M,Yekaterinburg,2023-07-07
734,18.0,F,Yekaterinburg,2022-02-23
735,45.0,M,Moscow,2022-12-25
736,39.0,F,St. Petersburg,2022-08-18
737,,M,Kazan,2023-10-28
738,44.0,F,Moscow,2022-03-12
739,51.0,F,Moscow,2023-10-30
740,45.0,M,Moscow,2022-02-11
741,18.0,M,St. Petersburg,2022-02-01
742,22.0,M,Other,2022-09-11
743,28.0,M,Moscow,2022-07-24
744,35.0,M,Novosibirsk,2022-01-21
745,40.0,F,Moscow,2023-09-29
746,27.0,F,Other,2022-06-06
747,36.0,F,Moscow,2022-09-02
748,27.0,M,St. Petersburg,2022-05-10
749,28.0,F,Kazan,2023-04-30
750,20.0,F,Kazan,2023-11-17
751,25.0,M,St. Petersburg,2022-04-28
752,21.0,F,St. Petersburg,2023-08-01
753,25.0,F,St. Petersburg,2022-08-12
754,45.0,M,Moscow,2023-04-22
755,25.0,M,Moscow,2023-12-18
756,61.0,F,St. Petersburg,2022-09-20
757,39.0,M,Moscow,2023-01-13
758,36.0,F,Moscow,2022-06-21
759,26.0,F,Yekaterinburg,2023-09-13
760,42.0,F,Other,2023-09-14
761,29.0,M,Yekaterinburg,2022-04-28
762,36.0,M,Moscow,2022-06-17
763,60.0,F,Moscow,2022-11-15
764,,F,Other,2022-04-21
765,46.0,M,Moscow,2023-08-16
766,27.0,F,Moscow,2022-01-27
767,34.0,F,Novosibirsk,2022-11-16
768,52.0,M,Yekaterinburg,2023-08-13
769,28.0,M,Yekaterinburg,2023-11-25
770,53.0,F,Moscow,2023-01-20
771,42.0,M,Moscow,2023-02-11
772,29.0,M,Other,2022-07-23
773,41.0,M,Moscow,2022-03-19
774,44.0,M,Yekaterinburg,2023-08-30
775,41.0,F,Kazan,2023-12-09
776,19.0,F,Yekaterinburg,2023-10-05
777,27.0,M,St. Petersburg,2022-09-06
778,32.0,F,Moscow,2022-04-15
779,34.0,F,Novosibirsk,2023-12-15
780,41.0,F,Other,2022-11-05
781,36.0,M,Other,2023-12-02
782,21.0,M,Moscow,2023-09-07
783,38.0,F,Moscow,2022-05-04
784,41.0,F,Other,2023-08-03
785,40.0,M,Kazan,2022-02-12
786,45.0,M,Other,2022-12-22
787,43.0,M,Moscow,2023-06-30
788,39.0,F,Novosibirsk,2023-03-15
789,34.0,F,Kazan,2023-11-09
790,18.0,F,Yekaterinburg,2023-01-15
791,39.0,M,St. Petersburg,2022-03-12
792,37.0,F,Moscow,2023-06-03
793,,F,Novosibirsk,2023-10-26
794,22.0,M,Moscow,2022-12-16
795,24.0,F,St. Petersburg,2022-01-13
796,45.0,F,Other,2023-03-07
797,34.0,M,St. Petersburg,2023-05-17
798,41.0,F,Other,2022-04-19
799,35.0,M,Moscow,2023-03-20
800,35.0,F,Yekaterinburg,2023-01-06
801,44.0,F,Other,2023-10-13
802,29.0,F,Moscow,2023-04-16
803,35.0,F,Moscow,2023-12-26
804,30.0,M,St. Petersburg,2022-06-06
805,30.0,F,Moscow,2023-03-22
806,31.0,F,Kazan,2022-06-30
807,37.0,M,Other,2023-06-19
808,30.0,F,St. Petersburg,2023-10-29
809,47.0,F,Moscow,2022-10-04
810,26.0,M,St. Petersburg,2023-09-23
811,33.0,F,Kazan,2023-07-06
812,30.0,F,Moscow,2023-05-11
813,49.0,M,Novosibirsk,2023-04-22
814,36.0,F,Yekaterinburg,2023-03-23
815,45.0,M,Yekaterinburg,2023-08-30
816,20.0,M,Moscow,2022-10-02
817,37.0,M,Kazan,2022-11-27
818,43.0,F,Moscow,2022-09-09
819,35.0,F,Moscow,2022-03-30
820,45.0,M,Other,2022-10-13
821,,M,Kazan,2023-04-07
822,49.0,F,Moscow,2022-09-07
823,57.0,M,Moscow,2023-04-21
824,31.0,F,Moscow,2023-08-07
825,30.0,F,Moscow,2023-09-17
826,,F,Moscow,2023-11-16
827,50.0,F,Moscow,2023-01-24
828,29.0,M,St. Petersburg,2022-12-11
829,30.0,F,Kazan,2022-01-30
830,32.0,F,Yekaterinburg,2023-05-22
831,21.0,F,Yekaterinburg,2022-11-29
832,25.0,M,Moscow,2022-07-06
833,24.0,F,Other,2023-05-15
834,27.0,M,Other,2022-08-06
835,34.0,M,Other,2022-12-30
836,37.0,M,Other,2022-09-22
837,50.0,F,Other,2022-12-15
838,25.0,F,Novosibirsk,2022-10-14
839,44.0,F,Moscow,2023-09-03
840,32.0,F,Yekaterinburg,2023-12-20
841,34.0,M,Kazan,2022-10-10
842,41.0,F,Kazan,2023-07-24
843,23.0,M,Novosibirsk,2022-01-11
844,38.0,F,Moscow,2023-06-14
845,36.0,F,St. Petersburg,2022-07-15
846,39.0,F,Other,2022-03-29
847,37.0,F,Novosibirsk,2022-09-05
848,59.0,M,Novosibirsk,2023-02-21
849,28.0,M,Moscow,2023-05-16
850,29.0,F,St. Petersburg,2023-07-23
851,28.0,M,Other,2022-09-04
852,29.0,M,Yekaterinburg,2023-12-09
853,28.0,F,Kazan,2023-05-03
854,46.0,F,St. Petersburg,2023-10-24
855,49.0,M,Yekaterinburg,2023-12-30
856,29.0,M,Moscow,2023-05-18
857,26.0,F,Kazan,2023-04-04
858,39.0,F,St. Petersburg,2022-01-18
859,29.0,M,St. Petersburg,2022-04-06
860,41.0,M,Yekaterinburg,2022-10-29
861,37.0,M,Other,2022-08-15
862,19.0,M,Moscow,2023-02-19
863,50.0,M,Other,2023-12-10
864,52.0,F,Moscow,2022-09-07
865,28.0,F,St. Petersburg,2022-11-10
866,31.0,F,Moscow,2023-11-11
867,37.0,M,St. Petersburg,2023-08-19
868,38.0,F,Novosibirsk,2023-01-13
869,41.0,M,Moscow,2023-04-30
870,55.0,F,St. Petersburg,2023-07-21
871,33.0,F,Other,2023-06-28
872,27.0,M,Moscow,2022-12-19
873,21.0,F,Kazan,2023-03-12
874,,M,St. Petersburg,2023-07-18
875,34.0,F,Yekaterinburg,2022-12-05
876,52.0,M,Moscow,2022-12-27
877,29.0,M,Moscow,2023-12-21
878,37.0,F,Moscow,2023-04-10
879,34.0,M,Moscow,2022-10-05
880,46.0,F,Moscow,2022-11-10
881,60.0,M,Yekaterinburg,2022-09-15
882,29.0,F,Other,2022-08-25
883,30.0,F,Other,2022-05-04
884,45.0,F,Yekaterinburg,2022-07-17
885,41.0,M,Moscow,2022-11-20
886,53.0,M,Moscow,2022-05-03
887,40.0,M,St. Petersburg,2023-07-03
888,,M,Moscow,2023-12-08
889,40.0,F,Novosibirsk,2022-07-09
890,46.0,F,Novosibirsk,2022-07-16
891,43.0,F,St. Petersburg,2022-08-10
892,40.0,F,St. Petersburg,2023-05-11
893,45.0,F,Other,2022-10-11
894,46.0,F,Kazan,2023-08-27
895,48.0,M,St. Petersburg,2023-06-22
896,41.0,F,Other,2023-09-04
897,33.0,F,Other,2022-10-17
898,36.0,F,St. Petersburg,2022-04-13
899,47.0,M,St. Petersburg,2022-07-18
900,26.0,M,Novosibirsk,2022-10-31
901,38.0,M,Other,2022-08-21
902,31.0,F,Other,2023-01-05
903,35.0,F,Moscow,2022-07-03
904,47.0,M,St. Petersburg,2022-11-06
905,36.0,F,Novosibirsk,2022-01-15
906,35.0,M,Novosibirsk,2023-12-27
907,21.0,M,Moscow,2023-07-01
908,42.0,M,Other,2022-05-10
909,41.0,F,Yekaterinburg,2022-10-08
910,56.0,F,Other,2022-02-16
911,31.0,M,Other,2022-02-25
912,37.0,F,Kazan,2023-07-21
913,37.0,M,St. Petersburg,2022-10-27
914,50.0,F,Yekaterinburg,2023-12-16
915,34.0,F,Moscow,2022-05-10
916,37.0,F,Yekaterinburg,2023-10-16
917,41.0,M,Moscow,2023-05-18
918,36.0,F,Yekaterinburg,2022-04-16
919,30.0,F,Moscow,2022-01-13
920,36.0,M,Moscow,2023-08-11
921,45.0,F,Moscow,2022-10-19
922,24.0,M,Moscow,2023-04-26
923,36.0,F,Kazan,2023-05-06
924,27.0,M,Kazan,2023-03-28
925,46.0,F,Novosibirsk,2022-12-15
926,19.0,F,Moscow,2022-07-08
927,29.0,M,Moscow,2022-02-22
928,38.0,M,Moscow,2022-09-16
929,50.0,M,Moscow,2023-05-05
930,34.0,M,Other,2022-04-27
931,29.0,M,Moscow,2022-03-08
932,53.0,F,St. Petersburg,2023-02-15
933,20.0,M,Moscow,2023-05-19
934,18.0,M,Moscow,2022-03-17
935,39.0,F,Novosibirsk,2023-08-14
936,29.0,M,Yekaterinburg,2023-10-07
937,24.0,F,Moscow,2023-12-04
938,42.0,F,Moscow,2022-02-24
939,37.0,F,St. Petersburg,2022-06-05
940,29.0,F,Moscow,2022-06-02
941,22.0,F,Moscow,2023-07-31
942,43.0,M,Other,2022-11-08
943,41.0,M,Yekaterinburg,2022-03-29
944,34.0,M,Novosibirsk,2022-09-12
945,53.0,F,St. Petersburg,2022-05-02
946,24.0,M,St. Petersburg,2023-07-26
947,19.0,F,Novosibirsk,2023-03-03
948,28.0,F,Yekaterinburg,2023-09-13
949,34.0,F,Kazan,2023-09-03
950,37.0,F,Moscow,2023-09-26
951,32.0,M,Novosibirsk,2022-08-20
952,38.0,F,St. Petersburg,2023-06-20
953,22.0,F,Other,2023-01-25
954,49.0,M,Yekaterinburg,2023-04-07
955,34.0,M,Novosibirsk,2023-03-30
956,46.0,F,Moscow,2022-11-01
957,38.0,F,Yekaterinburg,2023-08-26
958,39.0,F,Moscow,2023-03-16
959,40.0,F,St. Petersburg,2022-11-09
960,39.0,F,Moscow,2023-08-06
961,41.0,F,Yekaterinburg,2023-09-28
962,48.0,M,Moscow,2022-03-03
963,36.0,M,St. Petersburg,2023-09-17
964,42.0,M,Other,2022-04-12
965,34.0,F,Moscow,2022-08-01
966,49.0,F,Novosibirsk,2023-10-03
967,28.0,F,St. Petersburg,2022-08-05
968,53.0,M,Moscow,2022-09-28
969,34.0,F,Kazan,2023-11-08
970,20.0,F,Moscow,2022-03-25
971,36.0,F,St. Petersburg,2022-06-10
972,28.0,F,Novosibirsk,2022-09-03
973,,M,Yekaterinburg,2022-06-27
974,28.0,F,Yekaterinburg,2023-07-20
975,30.0,M,Moscow,2022-03-18
976,18.0,M,Moscow,2022-06-10
977,30.0,F,Kazan,2022-01-03
978,18.0,F,Novosibirsk,2023-02-23
979,19.0,F,Other,2023-04-07
980,42.0,F,Other,2023-12-07
981,42.0,F,Other,2023-09-01
982,39.0,F,St. Petersburg,2023-04-27
983,25.0,F,St. Petersburg,2022-10-26
984,34.0,M,Kazan,2022-02-03
985,34.0,M,St. Petersburg,2022-08-26
986,23.0,M,Moscow,2022-10-23
987,50.0,M,Other,2023-12-25
988,,M,Other,2022-10-17
989,32.0,M,St. Petersburg,2023-12-21
990,35.0,M,Moscow,2023-04-10
991,37.0,F,St. Petersburg,2022-03-14
992,18.0,M,Other,2023-12-05
993,,F,Other,2022-08-28
994,,M,Moscow,2022-09-28
995,,F,Moscow,2023-10-03
996,32.0,M,Other,2023-08-27
997,52.0,M,St. Petersburg,2023-11-09
998,41.0,F,Novosibirsk,2022-07-22
999,29.0,M,Other,2023-03-12
1000,40.0,M,Moscow,2022-04-28
