product_id,category,price
1,Books,18.61
2,Home & Garden,201.34
3,Clothing,91.76
4,Books,25.67
5,Home & Garden,39.99
6,Books,9.15
7,Sports,87.29
8,Sports,191.01
9,Sports,148.76
10,Sports,82.82
11,Electronics,274.1
12,Home & Garden,212.83
13,Home & Garden,215.93
14,Sports,236.53
15,Electronics,800.66
16,Sports,131.04
17,Electronics,212.62
18,Sports,24.37
19,Clothing,48.88
20,Clothing,39.01
21,Books,11.26
22,Sports,36.46
23,Home & Garden,289.34
24,Books,25.9
25,Clothing,61.77
26,Sports,238.43
27,Books,29.99
28,Sports,172.99
29,Clothing,34.26
30,Books,6.01
31,Clothing,78.06
32,Electronics,758.7
33,Clothing,68.64
34,Sports,230.28
35,Home & Garden,70.82
36,Clothing,62.68
37,Home & Garden,197.74
38,Electronics,788.42
39,Books,7.28
40,Books,13.7
41,Home & Garden,113.33
42,Books,21.75
43,Clothing,87.2
44,Home & Garden,112.35
45,Sports,178.01
46,Clothing,35.94
47,Clothing,95.07
48,Clothing,83.22
49,Sports,144.27
50,Electronics,736.76
